country,group,tce
China,persona,0.018000000000000016
China,language,0.12800000000000006
Spain,persona,0.0040000000000000036
Spain,language,0.09200000000000003
Greece,persona,-0.01200000000000001
Greece,language,-0.0040000000000000036
Indonesia,persona,-0.025999999999999968
Indonesia,language,0.10599999999999998
Algeria,persona,-0.02200000000000002
Algeria,language,-0.07
